timestamp,open,high,low,close,volume
2024-09-16 09:30:00.076000,419.0136913511503,419.0599732665184,418.533724148245,418.5554196206344,361585
2024-09-16 09:31:00.076000,418.55916389904223,418.76818134940686,418.22816058628695,418.65604678221007,327168
2024-09-16 09:32:00.076000,418.6288458939309,418.9473797934722,418.4066642598896,418.7374562768036,300700
2024-09-16 09:33:00.076000,418.739404424229,418.763731555364,418.2199008809652,418.5845152929545,360395
2024-09-16 09:34:00.076000,418.610185830112,418.9249718260529,418.5604233361845,418.6889972269025,315521
2024-09-16 09:35:00.076000,418.69396694515024,418.7812862365717,418.2138026031297,418.2313932553576,373727
2024-09-16 09:36:00.076000,418.2188021240432,418.5235259103947,418.1722648010102,418.4986446521459,302352
2024-09-16 09:37:00.076000,418.53718440121816,418.79767376920654,417.8528819432808,418.1812133280336,354187
2024-09-16 09:38:00.076000,418.14801279203397,418.2632000522491,417.9713019478096,418.1839300477264,322558
2024-09-16 09:39:00.076000,418.195903541854,419.2368203598203,418.1411330191549,418.9306580200625,382543
2024-09-16 09:40:00.076000,418.9261238198361,419.3663820865822,418.8510465373977,419.2090802465269,348813
2024-09-16 09:41:00.076000,419.19837582056766,419.7913303084993,419.17122496020914,419.7312525877267,287639
2024-09-16 09:42:00.076000,419.70711431627353,420.0203587901348,419.4794944602224,419.90647487141536,342527
2024-09-16 09:43:00.076000,419.9046550262235,420.16083972785447,419.6571655772068,419.908300592136,352413
2024-09-16 09:44:00.076000,419.9061730581296,420.0541873238697,419.4921569939762,419.7226152021683,353151
2024-09-16 09:45:00.076000,419.6866697091044,419.88060718563554,419.25759230973256,419.321147653726,368918
2024-09-16 09:46:00.076000,419.3378097185107,419.6186643389558,419.2003701949242,419.5748365038081,335244
2024-09-16 09:47:00.076000,419.5826055964669,419.7044082760608,419.07526036049234,419.1550252821428,312396
2024-09-16 09:48:00.076000,419.1281224981181,419.197795971238,418.4805262980445,418.6262374082558,325986
2024-09-16 09:49:00.076000,418.6184655903821,418.6393629035141,417.86397600469,417.96013702978576,368625
2024-09-16 09:50:00.076000,417.96326313183386,418.2401637709262,417.83070441451247,418.143393113347,347819
2024-09-16 09:51:00.076000,418.1650605607332,418.40753511801466,418.0847990532931,418.1945238371161,341914
2024-09-16 09:52:00.076000,418.0984502842264,418.9426602004729,418.0984502842264,418.8850502881895,276722
2024-09-16 09:53:00.076000,418.8649833860128,419.01430127053584,418.68339463807945,418.91107876651824,313248
2024-09-16 09:54:00.076000,418.9360058345723,418.97342098288914,418.27824333653575,418.7973854492938,298247
2024-09-16 09:55:00.076000,418.8144418089509,419.0945998965884,418.38868677453456,418.4084700959372,326005
2024-09-16 09:56:00.076000,418.4060237420247,419.14102213727057,418.3404738360526,418.7872926208169,360760
2024-09-16 09:57:00.076000,418.7738649103501,418.8504974638743,418.3935420795219,418.5911793991221,373123
2024-09-16 09:58:00.076000,418.5911793991221,418.7698852357866,418.3610463136087,418.7247915288585,311213
2024-09-16 09:59:00.076000,418.7690347329457,418.78550607276696,418.01203375363417,418.1370632798114,317531
2024-09-16 10:00:00.076000,418.1607568562637,418.5823648011811,417.9595625128465,418.5823648011811,309962
2024-09-16 10:01:00.076000,418.5823648011811,419.21965673480014,418.2988770109127,419.013701272882,285096
2024-09-16 10:02:00.076000,419.0241840252786,419.11294473545024,418.58471490258256,418.7080833953591,354902
2024-09-16 10:03:00.076000,418.76711291219385,419.4798206969168,418.60292784988593,419.28573837017495,297197
2024-09-16 10:04:00.076000,419.3074152277655,419.38802382967896,418.76130091044064,418.8614454723128,359656
2024-09-16 10:05:00.076000,418.8752426354737,419.1148908213854,418.4563385068896,419.0912339585676,327421
2024-09-16 10:06:00.076000,419.0810466742902,419.19260554113424,418.70467561110826,419.0453691717513,301890
2024-09-16 10:07:00.076000,419.10156630056815,419.4329456984136,418.6596563285535,419.3744958992734,341360
2024-09-16 10:08:00.076000,419.3852614193917,419.5482686470867,418.8390625263072,418.9286128988407,349355
2024-09-16 10:09:00.076000,418.9984064490545,419.7454057329872,418.9755537053358,419.1278067608269,359354
2024-09-16 10:10:00.076000,419.2118075640403,419.2552006997013,418.4855047215058,418.5668024115761,350329
2024-09-16 10:11:00.076000,418.5602391132052,418.97559019382544,418.49505118721135,418.83182198570586,283060
2024-09-16 10:12:00.076000,418.8652863057748,419.021628882411,418.6067166406952,418.64734724489887,350041
2024-09-16 10:13:00.076000,418.6876633415004,418.99882112165074,418.44371595560216,418.8960127605644,333799
2024-09-16 10:14:00.076000,419.0117536638188,419.1242742378932,418.4818927321704,418.6647199187531,314654
2024-09-16 10:15:00.076000,418.64678074223264,418.7627868470069,418.330640755242,418.67814237227753,313889
2024-09-16 10:16:00.076000,418.6773208902974,418.7158607850768,417.8861366725147,417.8976160282584,344271
2024-09-16 10:17:00.076000,417.89083176064986,418.0059248228112,417.5343849950919,417.8380448014831,304741
2024-09-16 10:18:00.076000,417.731987096231,417.860600442034,416.8925945373285,417.1181429051597,281886
2024-09-16 10:19:00.076000,417.20189195553417,417.4499673723652,416.85685038045176,417.3583542491384,318903
2024-09-16 10:20:00.076000,417.33967865539057,417.6092020656756,416.8382920330735,416.8382920330735,315528
2024-09-16 10:21:00.076000,416.8576135448935,417.2413130846239,416.7267701141313,417.17951660529576,253568
2024-09-16 10:22:00.076000,417.2040167326501,417.3427683546705,416.95681362163015,416.9697828103888,316042
2024-09-16 10:23:00.076000,417.00831487479326,417.3923335503197,416.8764371564249,417.2721766290443,290038
2024-09-16 10:24:00.076000,417.2706802507842,417.829585295757,417.08138737353136,417.7920410022868,296643
2024-09-16 10:25:00.076000,417.78115805917423,418.327089029904,417.778466801812,418.1219788129246,326858
2024-09-16 10:26:00.076000,418.1209802800991,418.40859868094856,417.68663216528927,418.0151402058654,375559
2024-09-16 10:27:00.076000,417.9769645472779,418.3011365286104,417.8290772825667,418.239660772325,326805
2024-09-16 10:28:00.076000,418.16632585650495,418.2835009752332,417.76561429104805,417.8578692937156,321904
2024-09-16 10:29:00.076000,417.9007522729581,418.1462011669825,417.7598320909822,417.8506365673338,355072
2024-09-16 10:30:00.076000,417.8390167561257,418.0008303392852,417.4988875255015,417.5608457241221,318649
2024-09-16 10:31:00.076000,417.443722443792,417.5482681548944,416.9908825660099,417.0989383870879,328999
2024-09-16 10:32:00.076000,417.0986225434463,417.3810716824163,416.8504988149259,417.3662687233547,385629
2024-09-16 10:33:00.076000,417.3637099348239,417.5985148462897,417.1975687459178,417.55850782599686,297461
2024-09-16 10:34:00.076000,417.5722068193343,417.74199699353903,417.1081770494535,417.4367396932983,348023
2024-09-16 10:35:00.076000,417.4936325141436,417.5720210884272,416.6756349823864,416.68171653647744,354824
2024-09-16 10:36:00.076000,416.65966530827046,416.7432455113442,416.0384392087525,416.1928419593291,317338
2024-09-16 10:37:00.076000,416.22342947416274,416.62651705833485,416.13533692343856,416.5735988163112,293287
2024-09-16 10:38:00.076000,416.6739161914164,417.5154953859942,416.5976452825976,417.3125650784902,313790
2024-09-16 10:39:00.076000,417.31266950306485,417.638839327366,417.1034095171247,417.39901336780304,323903
2024-09-16 10:40:00.076000,417.46293603403376,417.683702472431,417.2824857396018,417.5592792361136,324468
2024-09-16 10:41:00.076000,417.5645527687472,417.7920877867636,417.2548428602336,417.5061570854993,356718
2024-09-16 10:42:00.076000,417.4452914188111,417.5135918255233,417.0248004963812,417.0456084768238,318954
2024-09-16 10:43:00.076000,416.96044723205847,417.0659614550262,416.0563220234055,416.0563220234055,335802
2024-09-16 10:44:00.076000,416.1000676937684,416.56434859198873,415.9935499117676,416.41412382837575,309921
2024-09-16 10:45:00.076000,416.4215210698651,416.6120094778929,416.15875782737936,416.3719634823634,311060
2024-09-16 10:46:00.076000,416.363831624986,417.1276372753845,416.3334348751088,416.6820995404218,305626
2024-09-16 10:47:00.076000,416.7505447954881,417.0318437399451,416.6495483342308,416.7625836500091,315902
2024-09-16 10:48:00.076000,416.73829410670425,416.95876308811086,416.6126869425325,416.9504869302789,321510
2024-09-16 10:49:00.076000,416.9667042389819,417.2345527696276,416.67867619587633,416.8594147886132,356637
2024-09-16 10:50:00.076000,416.86989338859297,417.8849402196079,416.85694215599415,417.7510769183097,346587
2024-09-16 10:51:00.076000,417.8407521920576,418.20106068075626,417.7938629870978,417.9741999084243,311137
2024-09-16 10:52:00.076000,417.9654814953661,418.1320486876781,417.5700693063198,417.8022423113164,273673
2024-09-16 10:53:00.076000,417.77978772998335,417.8077121618222,416.9821047479528,417.1387108964301,366075
2024-09-16 10:54:00.076000,417.1342688202792,417.56451139780455,416.947193165732,417.1586277679576,351484
2024-09-16 10:55:00.076000,417.15124967810766,417.3110469028717,416.8822055485818,417.1760546709485,310137
2024-09-16 10:56:00.076000,417.1501333779215,417.3359466513188,416.8866730277029,417.1259720243607,276407
2024-09-16 10:57:00.076000,417.1928576293748,417.8886904038694,417.1085191012099,417.8798757423614,327098
2024-09-16 10:58:00.076000,417.9123257278841,418.1028448702463,417.7034000092412,417.8816644304405,326950
2024-09-16 10:59:00.076000,417.8821358638036,418.1996085460799,417.5494453649153,418.1254242322982,341246
2024-09-16 11:00:00.076000,418.1341184059276,418.13485122144345,417.67959956602,418.0729305588349,360900
2024-09-16 11:01:00.076000,418.08672625780815,418.27091959629183,417.6357972001968,418.09860562540615,349219
2024-09-16 11:02:00.076000,418.0268388167331,418.1497495085076,417.6801492794655,417.7583062450711,302948
2024-09-16 11:03:00.076000,417.7753144927349,418.2826428239957,417.7294000914846,417.9874824115697,314284
2024-09-16 11:04:00.076000,417.9375452686423,418.1467960108375,417.7622406312328,417.9288519272715,350053
2024-09-16 11:05:00.076000,417.9486639258861,417.9613069585568,417.28432653913774,417.3328737169074,307566
2024-09-16 11:06:00.076000,417.2641536023282,417.47064433139565,417.070810290952,417.3422611403544,316255
2024-09-16 11:07:00.076000,417.33766849556616,417.5668250595346,417.0278215706349,417.1745573310071,345589
2024-09-16 11:08:00.076000,417.11669256120416,417.1516992058951,416.8413529529087,417.0374688780832,329957
2024-09-16 11:09:00.076000,416.94729230288624,417.1257488647813,416.831292567108,417.0043378781198,306544
2024-09-16 11:10:00.076000,417.0217043233218,417.10813482342417,416.6423005361275,416.7345193040993,339074
2024-09-16 11:11:00.076000,416.7722931556966,416.9923834357412,416.5848597572878,416.7815703789624,371137
2024-09-16 11:12:00.076000,416.8321486041374,417.1553238876025,416.55474911097735,416.7452261216938,305710
2024-09-16 11:13:00.076000,416.7232803831246,416.7881088151661,416.201454177303,416.4302910612657,303114
2024-09-16 11:14:00.076000,416.44974937853,416.89567297873054,415.79066425006056,415.86241788775664,316151
2024-09-16 11:15:00.076000,415.9044310778549,416.0881671303069,415.52731529390815,415.9510831772763,382506
2024-09-16 11:16:00.076000,415.8735778680085,417.3453677636092,415.78899800554393,417.1334698030996,338813
2024-09-16 11:17:00.076000,417.1521649614127,417.6869779223904,417.0427829541401,417.43927773083647,390511
2024-09-16 11:18:00.076000,417.4362782706044,417.474048853538,417.0989634592272,417.1872158375411,355131
2024-09-16 11:19:00.076000,417.17244229881913,417.4732862119536,416.9202061870349,417.4253120415596,313070
2024-09-16 11:20:00.076000,417.4160745975269,417.52885271704537,416.9551252674022,417.38595638437016,346428
2024-09-16 11:21:00.076000,417.3794982138345,417.7148141180111,417.1054620112899,417.6868946921698,356720
2024-09-16 11:22:00.076000,417.6624714827558,417.8002438719376,417.1850096290555,417.24581436802,334054
2024-09-16 11:23:00.076000,417.25831230742006,417.8162205707503,417.1895133163747,417.6868891552376,332925
2024-09-16 11:24:00.076000,417.69607587354784,417.7300131334812,416.8649920177439,417.0625985548408,390415
2024-09-16 11:25:00.076000,417.04308768493,417.6921326460453,416.9386277389536,417.5788310510703,316764
2024-09-16 11:26:00.076000,417.57937056288586,417.7350823428823,417.2931479831215,417.36808988351913,360713
2024-09-16 11:27:00.076000,417.3765257242496,417.4129746651217,416.9555883795607,417.377096047222,338418
2024-09-16 11:28:00.076000,417.39510134713095,417.4228617538909,416.94928583065655,417.0883868885253,331886
2024-09-16 11:29:00.076000,417.102351848829,417.1994856512984,416.7550025377439,417.0657978546197,334939
2024-09-16 11:30:00.076000,417.0636540817621,417.0874817481038,416.49847180998967,416.7847188966776,350804
2024-09-16 11:31:00.076000,416.79680035870143,416.9772110869535,416.6267186117578,416.8590016542143,363268
2024-09-16 11:32:00.076000,416.86817847585,417.601958704285,416.65076781728914,417.3334035674818,353666
2024-09-16 11:33:00.076000,417.3662454682412,417.833406915875,417.2532893728408,417.477850362785,341466
2024-09-16 11:34:00.076000,417.4906602835159,417.5501052954246,417.09410266313336,417.1545077689676,326533
2024-09-16 11:35:00.076000,417.1765365348992,417.3883161867141,416.690269476172,417.3405561552343,315253
2024-09-16 11:36:00.076000,417.3775528544217,418.2855147727585,417.3121894404945,418.1864397179111,329690
2024-09-16 11:37:00.076000,418.0859255121789,418.4131896553733,417.6387021553086,417.6893121358327,331813
2024-09-16 11:38:00.076000,417.7235342281856,417.8140141117311,416.93210639501655,417.079250587106,359511
2024-09-16 11:39:00.076000,417.06995218946906,417.4022261256541,416.9761424851953,417.2791171918969,326005
2024-09-16 11:40:00.076000,417.2994511944652,417.9561526092409,417.2370599645658,417.87535557919085,331238
2024-09-16 11:41:00.076000,417.8565971562599,417.9147984544327,417.4798421564224,417.7628723434375,335684
2024-09-16 11:42:00.076000,417.7438507214771,418.41509452613167,417.64118134373103,418.3253448903029,320644
2024-09-16 11:43:00.076000,418.3345418944393,418.5414931914473,418.04803455263976,418.07098905168345,294314
2024-09-16 11:44:00.076000,418.0468032996925,418.5817527794716,417.9761406635069,418.2759653962543,340868
2024-09-16 11:45:00.076000,418.2340688353572,418.71883243898696,418.17901770278127,418.62570375525377,352106
2024-09-16 11:46:00.076000,418.6123304473744,418.9938572143888,418.31547094483335,418.3708066900234,364097
2024-09-16 11:47:00.076000,418.3775542576603,418.4796173843,417.7436553456093,417.978460737675,314174
2024-09-16 11:48:00.076000,417.98345127654886,418.30754609921576,417.6199581529906,417.71764186882575,346468
2024-09-16 11:49:00.076000,417.694130249371,418.13948345953816,417.3490709878686,417.3837445430976,317745
2024-09-16 11:50:00.076000,417.34252051558536,418.07081029069377,417.27142931573553,418.0057184365999,347552
2024-09-16 11:51:00.076000,417.9777254371937,418.1918769372862,417.48495459683386,417.5434014219029,304601
2024-09-16 11:52:00.076000,417.5428069147468,417.8661683487926,417.31623530734544,417.6293499377185,335538
2024-09-16 11:53:00.076000,417.5719630462897,417.9689329988723,417.48226422135855,417.9268619121707,367840
2024-09-16 11:54:00.076000,417.954390417286,418.1984937924437,417.27919356786754,417.4108513745792,335537
2024-09-16 11:55:00.076000,417.3943654277567,418.4209720928575,417.3790759536492,418.2710797157728,318610
2024-09-16 11:56:00.076000,418.2710797157728,418.72179710618735,418.1252419046266,418.1692883244677,308208
2024-09-16 11:57:00.076000,418.18146739917694,418.23793608957016,417.2630571432224,417.32249204543774,309955
2024-09-16 11:58:00.076000,417.3568093378394,417.8592195496758,417.24580527981647,417.6337388511221,343229
2024-09-16 11:59:00.076000,417.6434004366636,417.8664550790881,417.3212184321453,417.698722550056,355713
2024-09-16 12:00:00.076000,417.7267941949073,417.8649934668564,417.4896554300247,417.8124398633884,373340
2024-09-16 12:01:00.076000,417.8143736174754,418.55812387573815,417.611136796649,418.2699982280021,359040
2024-09-16 12:02:00.076000,418.26902442078654,418.338084109014,417.8726544843768,418.0807342011647,278301
2024-09-16 12:03:00.076000,418.1036039194421,418.3286075532175,417.6482466581227,417.6482466581227,331996
2024-09-16 12:04:00.076000,417.6922569293927,418.4017863071821,417.3859956559101,418.3771934808624,390933
2024-09-16 12:05:00.076000,418.3678813594044,418.4324671648218,417.9341693067486,418.1559067010679,292567
2024-09-16 12:06:00.076000,418.1241348117072,418.1955980552341,417.8821247122969,418.0148372055151,300267
2024-09-16 12:07:00.076000,418.0494242570213,418.10938404389367,417.078568916274,417.078568916274,363753
2024-09-16 12:08:00.076000,417.11435493399455,417.2087986835689,416.7734231509768,416.8687939746972,369538
2024-09-16 12:09:00.076000,416.8468954411888,416.9352297327875,416.2642789262815,416.405593588686,335528
2024-09-16 12:10:00.076000,416.40093925454016,416.88673325355,416.2743712867707,416.6041267548368,329305
2024-09-16 12:11:00.076000,416.5915775662308,417.0630681492617,416.4712597579015,416.9107123140305,329919
2024-09-16 12:12:00.076000,416.9757466775931,417.2880463130945,416.8772913335326,417.23126598560657,270237
2024-09-16 12:13:00.076000,417.2743799794448,417.802799428251,417.0594576443751,417.2002866183021,377690
2024-09-16 12:14:00.076000,417.2458045222196,418.2049217889776,417.19080462839634,418.0558849644778,325896
2024-09-16 12:15:00.076000,418.0486191187397,418.0642461042754,417.6730029154156,417.7574555923751,366585
2024-09-16 12:16:00.076000,417.75343755035357,418.3975691545818,417.67744161977976,418.14038343474215,336366
2024-09-16 12:17:00.076000,418.12907202884895,418.2068495865852,417.6484095691837,417.6528053632596,238855
2024-09-16 12:18:00.076000,417.6528053632596,417.6528053632596,416.66057952539,416.66057952539,332299
2024-09-16 12:19:00.076000,416.574574620972,416.91005496499815,416.3750838477125,416.5375551215558,376580
2024-09-16 12:20:00.076000,416.5396094281282,416.6152269291328,416.01658632925904,416.2805439314182,319100
2024-09-16 12:21:00.076000,416.25323088059,416.8370679007289,416.15742239164246,416.6143755924632,329400
2024-09-16 12:22:00.076000,416.6532811247739,416.8111260183487,416.2026703666397,416.5913404892624,328414
2024-09-16 12:23:00.076000,416.6273528266301,416.7901364545216,416.2823236923075,416.6806420274869,364998
2024-09-16 12:24:00.076000,416.6663460096843,417.080984100168,416.4645919656614,416.8898204889172,349137
2024-09-16 12:25:00.076000,416.803756434653,416.90782774709606,416.26055725628726,416.3730040395733,309706
2024-09-16 12:26:00.076000,416.3643020749444,416.449969478325,415.8287726476117,415.883702525513,290116
2024-09-16 12:27:00.076000,415.87008103915446,416.0272341415672,415.361928607981,415.9361025533005,292159
2024-09-16 12:28:00.076000,415.863680567119,416.1275792062808,415.5705368750761,415.8538101733217,336447
2024-09-16 12:29:00.076000,415.93015312136816,415.9447123330233,415.2586125991972,415.5223932018488,350893
2024-09-16 12:30:00.076000,415.5043487704906,415.63199298867335,415.10480593011744,415.2555390700939,295690
2024-09-16 12:31:00.076000,415.2733983550908,415.8970719413487,415.2222554332011,415.6431815251699,361969
2024-09-16 12:32:00.076000,415.6431815251699,416.1171263096047,415.5667761482822,415.66640087363845,360283
2024-09-16 12:33:00.076000,415.65160784755886,416.31329297005135,415.4425108716304,416.31329297005135,304257
2024-09-16 12:34:00.076000,416.2405043234752,416.5802531401424,416.055103516691,416.2919067486031,283989
2024-09-16 12:35:00.076000,416.3096068253504,416.6640597989439,416.2544646539181,416.6427779414876,312624
2024-09-16 12:36:00.076000,416.6945192293054,416.8919919625272,416.2787215493775,416.4983451128081,324097
2024-09-16 12:37:00.076000,416.4400817692063,416.78699520681215,416.3238390952652,416.5261224381677,327441
2024-09-16 12:38:00.076000,416.51361633577295,416.6846524538319,416.2173185634666,416.3383594260868,346150
2024-09-16 12:39:00.076000,416.3419962843008,416.61949502833386,416.1413279897632,416.502056033613,327768
2024-09-16 12:40:00.076000,416.5099432862616,417.3990171734766,416.4716797588766,417.330262187061,315854
2024-09-16 12:41:00.076000,417.27630777565406,417.3457587588577,416.613383678438,417.2555904157498,292068
2024-09-16 12:42:00.076000,417.28282515086727,417.9350269122316,417.1837166718637,417.8922458549525,330532
2024-09-16 12:43:00.076000,417.899027635836,418.3969489833373,417.6677850262474,418.3321670251238,325746
2024-09-16 12:44:00.076000,418.3240930778306,418.3904919073604,417.7267595337652,417.9791243236456,355020
2024-09-16 12:45:00.076000,417.94564158212273,418.1585568345081,417.41517482901946,417.7612745711903,374929
2024-09-16 12:46:00.076000,417.7970431319196,418.2757553237239,417.7738505040669,418.1244313104873,321991
2024-09-16 12:47:00.076000,418.0274288605435,418.1172290028381,417.5645685472449,417.6201754812773,362294
2024-09-16 12:48:00.076000,417.5912018378432,417.6378746044512,417.2699652748807,417.3691952503773,340541
2024-09-16 12:49:00.076000,417.3946462030956,417.62048070331736,417.1956757564392,417.4936685967702,299791
2024-09-16 12:50:00.076000,417.45797424755415,417.8834932850919,417.29485933882506,417.3194386108855,314211
2024-09-16 12:51:00.076000,417.31759763268406,417.4472935115228,416.4552411495916,416.5989762779217,313028
2024-09-16 12:52:00.076000,416.5778195335007,416.8231206549979,416.3696712393999,416.3967506651914,288361
2024-09-16 12:53:00.076000,416.3712000512774,416.5041433559419,416.1519255658184,416.44315974677215,320754
2024-09-16 12:54:00.076000,416.4624257414794,416.5467997661743,416.0668692526725,416.2943561321113,311518
2024-09-16 12:55:00.076000,416.31557238084827,416.9265393220924,416.2373967566359,416.6349947235532,348019
2024-09-16 12:56:00.076000,416.64919362723657,417.0485251001224,416.4132104590537,416.9687474300448,349407
2024-09-16 12:57:00.076000,416.9647082674746,416.9991063706437,415.9840306048482,416.0816539109742,358464
2024-09-16 12:58:00.076000,416.0816539109742,416.3456258928156,415.8735353744671,416.0829935853329,341582
2024-09-16 12:59:00.076000,416.1020123314283,416.6152469811388,415.9746427442535,416.4652923912882,292975
2024-09-16 13:00:00.076000,416.468607838186,416.6708489507669,416.05369426942246,416.40377382887806,286141
2024-09-16 13:01:00.076000,416.3389911930798,416.5645506063024,416.18870905295466,416.550194342414,310377
2024-09-16 13:02:00.076000,416.5584441800765,416.79320204611696,416.1214114086462,416.24934164278136,342771
2024-09-16 13:03:00.076000,416.28847397709217,416.7876498745771,416.017107789268,416.0957749417098,332667
2024-09-16 13:04:00.076000,416.08738221131904,416.1152492707484,415.3268236851834,415.36426871262177,293636
2024-09-16 13:05:00.076000,415.3843282159624,416.1204262551893,415.3231847538446,415.7184524557656,310084
2024-09-16 13:06:00.076000,415.700572897556,416.1018008552451,415.670191230357,415.9231574549071,299988
2024-09-16 13:07:00.076000,415.93291069939386,416.0831252790228,415.6210190406287,416.01870096413296,331614
2024-09-16 13:08:00.076000,416.0125602276893,416.1275911763608,415.5490323074309,416.1275911763608,327925
2024-09-16 13:09:00.076000,416.127370125936,416.3100276865933,415.9350169466733,415.9971240658883,321976
2024-09-16 13:10:00.076000,416.0132527320392,416.5791946354015,415.8399758660957,416.4016537934518,307819
2024-09-16 13:11:00.076000,416.3251733109928,416.36334007616665,415.5720426108865,415.6605514009601,345528
2024-09-16 13:12:00.076000,415.6417567194542,416.0781871019517,415.4666304670455,415.8924244593095,310197
2024-09-16 13:13:00.076000,415.86259313547,415.90308138255256,415.3305305290911,415.39321374195066,320229
2024-09-16 13:14:00.076000,415.3920432212592,415.4777373421,414.6524755973408,414.6563490181185,370205
2024-09-16 13:15:00.076000,414.6601164362407,414.9689635676867,414.5299625748182,414.8543770358098,364228
2024-09-16 13:16:00.076000,414.857248127153,415.1721320762045,414.8090661722821,414.9251011220879,313282
2024-09-16 13:17:00.076000,414.9491532631239,415.2505161799373,414.7569155465436,414.8687071986069,331553
2024-09-16 13:18:00.076000,414.897913371349,415.34249268186016,414.6882076226581,414.6882076226581,348160
2024-09-16 13:19:00.076000,414.7490887785048,415.2929810844066,414.6983637031397,415.0624564494199,348152
2024-09-16 13:20:00.076000,415.0031639499724,415.4377216495193,414.9949080215532,415.1614025088837,352422
2024-09-16 13:21:00.076000,415.1245328767525,415.3987720917622,414.911231290093,415.2839235117243,381524
2024-09-16 13:22:00.076000,415.22491361076845,415.41103656014775,414.6377769933813,414.6702963544222,322756
2024-09-16 13:23:00.076000,414.7032291519653,415.7935536820994,414.6775287637156,415.5211767910097,344921
2024-09-16 13:24:00.076000,415.4777399094045,415.6153702000744,415.1010718722,415.31057371612576,318512
2024-09-16 13:25:00.076000,415.3774349443224,415.4478497464869,414.923118311371,415.416565124584,300700
2024-09-16 13:26:00.076000,415.4332975775207,415.482183824276,414.7097164729108,414.7465978864912,360823
2024-09-16 13:27:00.076000,414.7313195122928,414.9494110632964,414.5145407602207,414.7693011996074,346606
2024-09-16 13:28:00.076000,414.78251721999817,415.4117553081206,414.7600669811056,415.2723067592837,356001
2024-09-16 13:29:00.076000,415.3338421459717,415.41618091636974,414.9632399178096,415.1955711643512,327750
2024-09-16 13:30:00.076000,415.1943988393672,415.436501165845,414.86337843470886,415.0348528094504,331928
2024-09-16 13:31:00.076000,415.1439851686882,415.3478086715156,414.77349028649326,415.2473207234346,336163
2024-09-16 13:32:00.076000,415.2739163457089,415.3224364303904,414.36396359792576,414.3640331315958,327199
2024-09-16 13:33:00.076000,414.35499481880015,414.4903012670492,414.1024985836093,414.2902591408464,318003
2024-09-16 13:34:00.076000,414.2477565774527,415.1625414863405,414.1106635659504,415.07402995380687,336017
2024-09-16 13:35:00.076000,415.0839014712316,415.4633358094475,414.8204135270223,414.8334260308744,336699
2024-09-16 13:36:00.076000,414.92571062063513,415.204438637099,414.8800452805688,415.12893997114014,300270
2024-09-16 13:37:00.076000,415.1772276235714,416.09217898391455,415.01221886402266,415.8459481464141,335338
2024-09-16 13:38:00.076000,415.88257047180014,416.14410479888863,415.5850390426966,415.6328122853251,282371
2024-09-16 13:39:00.076000,415.575924337295,415.6830924606202,415.2728858959575,415.2871312249797,362069
2024-09-16 13:40:00.076000,415.2550282139512,415.82731264124624,415.2131309100291,415.4912351798805,349739
2024-09-16 13:41:00.076000,415.58178855824326,415.62398675202047,415.0488209386677,415.0993585573915,308417
2024-09-16 13:42:00.076000,415.082102584471,415.1264935618517,414.76380662096784,414.8883162511517,344402
2024-09-16 13:43:00.076000,414.8828063408706,414.9917278706546,414.5220640239641,414.7393035124539,305967
2024-09-16 13:44:00.076000,414.7384308625048,415.1348343859524,414.5842918084928,415.1348343859524,301789
2024-09-16 13:45:00.076000,415.12742418060407,415.31501427953606,414.5568627428768,414.7430360404624,304819
2024-09-16 13:46:00.076000,414.7872486795932,414.8134634231979,414.3308587255153,414.6519791095758,342898
2024-09-16 13:47:00.076000,414.6779612100986,414.8254889838529,414.001642389868,414.4978323245366,403417
2024-09-16 13:48:00.076000,414.5074486283506,414.5765977512367,414.1611157973928,414.40226675542704,335371
2024-09-16 13:49:00.076000,414.4183999436714,414.4989860098417,413.69522590870974,413.7933828500106,327386
2024-09-16 13:50:00.076000,413.81925382146255,414.4788753416335,413.6820205919034,414.3220539575148,355531
2024-09-16 13:51:00.076000,414.2702166674512,414.5941271300175,414.01328288397656,414.2772061830744,329080
2024-09-16 13:52:00.076000,414.2724063575744,414.36957297124326,413.8972162349972,413.9637677183121,314124
2024-09-16 13:53:00.076000,413.97240591333536,414.28210797688064,413.5425118198096,414.0702343550486,362454
2024-09-16 13:54:00.076000,414.0260415257056,414.1756768450713,413.65688891521233,413.6731044032677,387670
2024-09-16 13:55:00.076000,413.6348464034874,413.94090220495787,413.3129990834692,413.5025191893757,362301
2024-09-16 13:56:00.076000,413.484673503133,414.2104778729463,413.4645296381543,414.1874391806314,350895
2024-09-16 13:57:00.076000,414.1943925139497,414.6898702448643,414.0359478418196,414.1627442077841,309484
2024-09-16 13:58:00.076000,414.2116101086526,414.43762358568586,413.9679046846734,414.34197245191706,385732
2024-09-16 13:59:00.076000,414.4087181426827,414.55163233517874,414.07367560860746,414.2494717641271,304734
2024-09-16 14:00:00.076000,414.4073932661323,415.13644340291495,414.2383126804343,414.9425485494747,355337
2024-09-16 14:01:00.076000,414.9557538052412,415.6609681254324,414.9394363140799,415.5640074297481,336917
2024-09-16 14:02:00.076000,415.5723587309778,415.6238049174759,415.2186461137964,415.3851943600269,348953
2024-09-16 14:03:00.076000,415.4335312308139,415.96481857324767,415.391364413547,415.8189549220753,360341
2024-09-16 14:04:00.076000,415.85335873975424,415.97637154190056,415.4358366469677,415.5803393024488,322435
2024-09-16 14:05:00.076000,415.5605301437686,415.74818668713647,415.12338388435376,415.15882571661336,304237
2024-09-16 14:06:00.076000,415.1626268875484,415.8255725996158,414.95097356516015,415.5615657780662,359370
2024-09-16 14:07:00.076000,415.6168676674391,415.6668542462289,415.2521025126453,415.4850595262697,302716
2024-09-16 14:08:00.076000,415.46922086297593,415.758608369805,415.3585748960783,415.4784659658522,345337
2024-09-16 14:09:00.076000,415.4360475614772,415.730183639929,415.332596409908,415.571011006562,287743
2024-09-16 14:10:00.076000,415.5868325336228,415.6372295382604,415.22204225275465,415.3544367386783,310676
2024-09-16 14:11:00.076000,415.41139868128863,415.5900324561319,415.1098183986316,415.5798851774832,313660
2024-09-16 14:12:00.076000,415.5701812086475,415.9884787786489,415.43181679591737,415.6797683426553,312310
2024-09-16 14:13:00.076000,415.639212950737,415.8992068724236,415.4565893703544,415.7046034822854,354013
2024-09-16 14:14:00.076000,415.7323312444668,415.944572430821,415.4535595469517,415.8229068953227,306009
2024-09-16 14:15:00.076000,415.8446983700231,415.85591465387415,415.2715377754526,415.2715377754526,364558
2024-09-16 14:16:00.076000,415.270716043801,415.2937794773015,414.7748504851861,414.983217008996,366912
2024-09-16 14:17:00.076000,414.983217008996,415.0652083479848,414.63005117506464,415.0400409433135,355695
2024-09-16 14:18:00.076000,414.9883606346338,415.2025800810857,414.6835129969244,414.7119577492489,319166
2024-09-16 14:19:00.076000,414.68046835187135,414.73781292367335,414.084034465305,414.20265784639975,343597
2024-09-16 14:20:00.076000,414.216413510145,414.7385330675465,414.182030134056,414.5190993274674,329697
2024-09-16 14:21:00.076000,414.5391658785128,414.5914398453497,414.149677398324,414.4057069674827,336354
2024-09-16 14:22:00.076000,414.4314494136604,414.8135108037269,414.31306273043714,414.4840577798692,348214
2024-09-16 14:23:00.076000,414.4859481962641,414.7498246771643,414.3828242699766,414.3828242699766,342502
2024-09-16 14:24:00.076000,414.4066019169987,415.179565317584,414.3719039373177,414.94267731563696,342558
2024-09-16 14:25:00.076000,414.9239908083096,415.1750721528332,414.5416432112193,414.9004160537947,299054
2024-09-16 14:26:00.076000,414.93178087816233,415.51148338278085,414.82652265922,415.471836144172,288965
2024-09-16 14:27:00.076000,415.44979796034806,415.9041665804509,415.3080847688368,415.3469376069575,271774
2024-09-16 14:28:00.076000,415.32724926077896,415.5184530039365,414.99150069465,415.1172639502677,375130
2024-09-16 14:29:00.076000,415.1649914219604,415.27296776309015,414.6349415502131,414.69469154552166,332229
2024-09-16 14:30:00.076000,414.694226705967,418.9909924329337,414.5533522554239,415.32684682126313,310289
2024-09-16 14:31:00.076000,415.3264037355265,418.6164054274645,415.0716060234798,415.4499644816887,322883
2024-09-16 14:32:00.076000,415.4543019795513,418.9132540527395,415.3832206091394,416.2014716036753,365922
2024-09-16 14:33:00.076000,416.21144994274687,418.6548470017528,415.8793498926119,415.9531190778312,364099
2024-09-16 14:34:00.076000,415.9433866689016,418.8353074093608,415.5124342271801,415.6490124576782,339538
2024-09-16 14:35:00.076000,415.7078370122895,418.5396815742176,415.3469774893133,415.5752352465946,374086
2024-09-16 14:36:00.076000,418.29813364282336,418.4124222765485,415.0325887987199,415.3778941355972,296545
2024-09-16 14:37:00.076000,415.39735216230986,418.673460735284,415.10231566757113,415.1988546444833,357984
2024-09-16 14:38:00.076000,415.2604587085012,418.2243165261141,414.9115489797449,415.0850638887518,366124
2024-09-16 14:39:00.076000,415.0273394712913,419.1866633624947,415.0009855419747,415.59066977605374,318358
2024-09-16 14:40:00.076000,415.5520756129888,419.3235637650472,415.54394056822383,415.998750117362,365265
2024-09-16 14:41:00.076000,415.99985268903913,419.6820855282029,415.4024684436237,415.4052790831206,274743
2024-09-16 14:42:00.076000,415.4061045145391,419.90102148508754,414.7053894368047,415.190306086021,347322
2024-09-16 14:43:00.076000,415.190838671608,420.0776303648272,414.9711473858548,415.7594520441988,303690
2024-09-16 14:44:00.076000,415.7533102403736,419.95149883541154,415.5121950614393,415.9011219417221,352157
2024-09-16 14:45:00.076000,415.901490726968,419.86180094334514,415.8210489692912,416.1353587094949,288847
2024-09-16 14:46:00.076000,416.1322208291618,419.568989903888,415.7270994230655,415.8423448179027,314589
2024-09-16 14:47:00.076000,415.7430069816826,419.61398079884265,414.997924711974,415.3285926507826,338181
2024-09-16 14:48:00.076000,415.31508170941294,419.1125405441036,415.2306519374211,415.6767633059338,313465
2024-09-16 14:49:00.076000,415.72264023069465,418.35545506899626,415.6663044370511,415.9263034477242,390377
2024-09-16 14:50:00.076000,415.91366472107137,418.1785649797824,415.8620000107364,416.27536923927386,359412
2024-09-16 14:51:00.076000,416.3242410844457,418.2512869276488,416.1119486389118,416.76313556508586,368468
2024-09-16 14:52:00.076000,416.7639386411345,418.9063571293397,416.7285766045394,416.8146993808167,315284
2024-09-16 14:53:00.076000,418.8685538968348,418.9548620056503,416.42647932232944,416.631702241527,345129
2024-09-16 14:54:00.076000,416.62360883174216,418.91486217592166,416.53143381513325,416.7590672855437,343942
2024-09-16 14:55:00.076000,416.7125440812069,418.90426057030777,416.6737683148296,416.7868369912389,324621
2024-09-16 14:56:00.076000,416.7549342184118,418.6612024270465,416.718415180004,416.9966989388112,347395
2024-09-16 14:57:00.076000,417.0068267834259,418.78688706410935,416.89988500124696,416.9865462168586,347237
2024-09-16 14:58:00.076000,417.00392049318657,418.5906581964673,416.4641583867669,416.5307705206087,315793
2024-09-16 14:59:00.076000,416.4830832232467,418.7449754572455,416.2952886298229,416.5269618024245,296387
2024-09-16 15:00:00.076000,416.5097470989666,418.473738685842,415.7896789220006,416.2295557374836,329580
2024-09-16 15:01:00.076000,416.2887311703341,418.4862787677952,416.2106180959842,416.4848893433599,303322
2024-09-16 15:02:00.076000,416.5208204590788,418.98131401148487,415.800264623522,418.765707028292,382312
2024-09-16 15:03:00.076000,416.0730574766857,419.1349330935186,416.0695864099737,416.3719349237512,358025
2024-09-16 15:04:00.076000,416.38242512976257,419.2351211126173,415.8468354368153,416.10844606641655,303852
2024-09-16 15:05:00.076000,416.1772372900416,419.0489967116131,415.38565753354976,415.4713062645089,321393
2024-09-16 15:06:00.076000,415.51478411215845,419.0535413268349,415.2973754527633,415.7472548101294,318201
2024-09-16 15:07:00.076000,415.6852075472886,419.3974641387634,415.1246083512858,415.6149319624453,329503
2024-09-16 15:08:00.076000,415.6212562284338,419.325232195142,415.3197935776611,415.5735362599007,334053
2024-09-16 15:09:00.076000,415.5576590093424,419.60410609294365,415.54142100573534,416.0681493535545,349920
2024-09-16 15:10:00.076000,416.0857220455383,419.2283024386597,415.907678776626,416.331726689159,353673
2024-09-16 15:11:00.076000,416.30497760147193,418.83900333326176,415.79134439508016,415.900106238893,355354
2024-09-16 15:12:00.076000,415.88620108863006,418.9701436142098,415.4728489843335,415.7697960336354,314165
2024-09-16 15:13:00.076000,415.7623161084997,418.8036671164058,415.6589121248825,416.2468084065659,350203
2024-09-16 15:14:00.076000,416.2650445240972,419.0699275571524,416.0094897785565,416.1085476867985,346534
2024-09-16 15:15:00.076000,416.0478570436525,418.6867889430667,415.9239213343545,416.2411975096913,337763
2024-09-16 15:16:00.076000,416.2642725088474,418.69999006083407,415.93298205753433,416.2748550386143,300739
2024-09-16 15:17:00.076000,416.3210175871545,417.92524868989744,415.9355203802061,415.94616746221385,334656
2024-09-16 15:18:00.076000,416.0464582203946,417.387760134185,415.6660847218191,416.2188177126927,338737
2024-09-16 15:19:00.076000,416.21085653087033,417.3733502807089,415.9895161298864,416.0666710169663,309040
2024-09-16 15:20:00.076000,416.0211727720165,417.472045963601,415.4676568204536,415.8860223886796,294299
2024-09-16 15:21:00.076000,415.9183226844875,417.2336551101836,415.847613133872,416.1491308701528,339667
2024-09-16 15:22:00.076000,416.150181454459,417.3453102200317,415.7626061487405,416.131420654822,328462
2024-09-16 15:23:00.076000,416.1092281983716,417.3078727401702,416.0878512162967,416.16267112113854,334768
2024-09-16 15:24:00.076000,416.1579684651883,417.668948091087,415.7052654056651,415.77434420637786,382375
2024-09-16 15:25:00.076000,415.7801007648116,418.25662658246017,415.45814650306846,415.7560339955195,362760
2024-09-16 15:26:00.076000,415.7458927098848,418.38100847276695,415.6070852433171,415.86420961698445,337963
2024-09-16 15:27:00.076000,415.8946275492716,418.2513759953935,415.85779735530633,416.4720070431849,290303
2024-09-16 15:28:00.076000,416.4223166156472,418.1375653509276,415.96581358402176,416.0743371048905,313940
2024-09-16 15:29:00.076000,416.0613324604399,418.0551709175552,415.3145942539146,415.6574992292861,339920
2024-09-16 15:30:00.076000,415.64746054744427,417.9536536850765,415.1470468011996,415.8413047359815,318063
2024-09-16 15:31:00.076000,415.8490194268812,417.2638342837439,415.65501105324057,415.7975444671016,347072
2024-09-16 15:32:00.076000,415.80785640823206,417.30645829646863,415.3650568785824,416.2262783437629,383013
2024-09-16 15:33:00.076000,416.1742930334942,417.5033243111108,416.1557265623424,417.02617910561605,362416
2024-09-16 15:34:00.076000,416.95685864837947,417.7365703742146,416.8018935595946,416.9638828509467,322470
2024-09-16 15:35:00.076000,416.9835547665871,417.3958938774016,416.691201829773,416.7598148559867,335839
2024-09-16 15:36:00.076000,416.8033038062568,416.92916569307687,416.06228246198447,416.4717623574769,352789
2024-09-16 15:37:00.076000,416.4595372125642,416.8294903077989,416.32551986648576,416.8294903077989,325939
2024-09-16 15:38:00.076000,416.796528541698,417.450062804633,416.6166274582478,416.6655907535744,309469
2024-09-16 15:39:00.076000,416.6420094269642,417.6334413990387,416.5220875517586,417.16585578259367,346996
2024-09-16 15:40:00.076000,417.1650670584055,417.60058792449655,416.5421008354518,416.8164963194624,339959
2024-09-16 15:41:00.076000,416.8004852011186,417.634785056909,416.57785639269775,416.58775991054273,363269
2024-09-16 15:42:00.076000,416.6038028337284,417.4713510892172,416.4553948179655,416.4973058746109,330068
2024-09-16 15:43:00.076000,416.48755850648473,416.9466380855787,415.6940946248438,415.7806370815365,364052
2024-09-16 15:44:00.076000,415.795841740115,416.4362753771,415.1417548291664,415.5124026474308,369886
2024-09-16 15:45:00.076000,415.5124026474308,416.5698708826363,414.9307145127634,415.1926858167436,340065
2024-09-16 15:46:00.076000,415.1203334323672,417.0131273355965,414.9299589282608,415.121237181709,378453
2024-09-16 15:47:00.076000,416.75019592643537,416.8241784528424,414.6854262800617,414.896316501452,346071
2024-09-16 15:48:00.076000,414.9514417399665,416.8379840130753,414.1917040768743,414.6147890066059,333192
2024-09-16 15:49:00.076000,414.6438590733053,417.0014556990323,414.4061603470856,414.5874441018239,304980
2024-09-16 15:50:00.076000,414.57821352715126,417.8729913172393,414.2429821331359,414.26506043562176,343670
2024-09-16 15:51:00.076000,414.2426873818076,418.0577660843881,413.9972490668975,414.03968897668415,327124
2024-09-16 15:52:00.076000,414.0462878327141,418.0456318661972,413.7920261966617,414.389068233375,312404
2024-09-16 15:53:00.076000,414.3849611063134,417.7181626481348,414.3461376751471,414.8162230488648,335281
2024-09-16 15:54:00.076000,414.8372606884336,417.41770530577566,414.8067122404325,415.650858226993,353631
2024-09-16 15:55:00.076000,415.6460912689786,417.1868839942695,415.1046419568348,415.4405855286166,386854
2024-09-16 15:56:00.076000,415.4089982510619,417.15672535491,415.13703291309207,415.7858479233304,319798
2024-09-16 15:57:00.076000,415.785641306864,417.8800549660352,415.73965174414656,416.2556719124066,315853
2024-09-16 15:58:00.076000,416.2474872948852,418.0014213041646,416.2065091603809,416.7940652813325,317480
2024-09-16 15:59:00.076000,416.77086959258753,418.07356761570975,416.7532117135338,416.8440245527492,269370
2024-09-16 16:00:00.076000,417.99155056157616,418.0457805479549,417.776333091037,418.0457805479549,1329
2024-09-16 16:01:00.076000,418.0730966454687,418.148365305141,417.6516035864623,417.9405217313556,5348
2024-09-16 16:02:00.076000,417.9953865445187,417.9982270321177,417.7469400727749,417.7469400727749,2238
2024-09-16 16:03:00.076000,417.8618901023954,418.13639496910207,417.8618901023954,417.9523522306047,2326
2024-09-16 16:04:00.076000,417.8295685908952,418.0875711108571,417.8059053920298,417.8059053920298,4297
2024-09-16 16:05:00.076000,417.8183392222359,417.8491049251546,417.2891179993737,417.2891179993737,3607
2024-09-16 16:06:00.076000,417.3272121795888,417.3272121795888,417.1256599688586,417.2692122889538,2373
2024-09-16 16:07:00.076000,417.29649840607686,417.46694464973655,417.1342725301228,417.1342725301228,3539
2024-09-16 16:08:00.076000,416.9867677834422,417.0797998227185,416.9867677834422,416.9902140036447,1212
2024-09-16 16:09:00.076000,417.0243675297148,417.0772917641128,416.8890181674108,417.0772917641128,5117
2024-09-16 16:10:00.076000,417.0292151558802,417.0714795715291,416.6669031803072,416.6669031803072,2355
2024-09-16 16:11:00.076000,416.73245679114245,416.7721758072531,416.66513792156496,416.6720856301176,3219
2024-09-16 16:12:00.076000,416.6355728361544,417.0980379263324,416.6355728361544,416.8637339065234,3549
2024-09-16 16:13:00.076000,416.6157949070531,416.65510027808034,416.32032609982446,416.3892475371563,3328
2024-09-16 16:14:00.076000,416.8143968291091,416.8143968291091,415.85848709639725,415.85848709639725,3146
2024-09-16 16:15:00.076000,415.86113263256925,416.0435443147776,415.62809181083816,416.025579280248,5229
2024-09-16 16:16:00.076000,415.8149402806962,417.2182381646736,415.8149402806962,417.1494687248511,3529
2024-09-16 16:17:00.076000,417.50459632563127,417.5212929972204,417.3310352026287,417.46712067989336,4437
2024-09-16 16:18:00.076000,417.3289697184611,417.41961267386057,417.1779928828319,417.1779928828319,3108
2024-09-16 16:19:00.076000,416.9841041835796,417.4286932452195,416.9841041835796,417.420840406863,3477
2024-09-16 16:20:00.076000,417.2800337879282,417.3162893303182,417.0557276189824,417.2422727200355,1426
2024-09-16 16:21:00.076000,417.2070882398585,417.66101562933113,417.2070882398585,417.66101562933113,4129
2024-09-16 16:22:00.076000,417.7001541677661,417.7293903898374,417.275709254869,417.47801378736045,2345
2024-09-16 16:23:00.076000,417.2487823437225,417.7957406787478,417.2347838764952,417.7957406787478,5535
2024-09-16 16:24:00.076000,417.5394928303993,417.5394928303993,416.9420194728203,416.9420194728203,2423
2024-09-16 16:25:00.076000,417.12316953126407,417.5912850599115,417.1080165279294,417.5512999437401,3147
2024-09-16 16:26:00.076000,417.5961118595846,417.6777935137012,417.3500716556524,417.6011098217882,3535
2024-09-16 16:27:00.076000,417.3750287482387,417.3843649303353,416.98237406636144,417.18802266002194,5124
2024-09-16 16:28:00.076000,417.2593477254241,417.2593477254241,417.0226607535428,417.0935928516353,3150
2024-09-16 16:29:00.076000,417.0489658509034,417.1486936108562,416.8976535159807,416.8976535159807,2512
2024-09-16 16:30:00.076000,417.04893419714665,417.04893419714665,416.5432857211025,416.7717237692544,2445
2024-09-16 16:31:00.076000,416.77825308363225,416.9076105345576,416.6331444784034,416.9076105345576,3446
2024-09-16 16:32:00.076000,416.8847445040666,417.4190143643854,416.71359001485934,417.283136356531,5167
2024-09-16 16:33:00.076000,417.4348821659335,417.76362225340495,417.4278285244443,417.50099177624287,6638
2024-09-16 16:34:00.076000,417.48488052878247,417.48488052878247,417.1312289018673,417.16770983564106,6295
2024-09-16 16:35:00.076000,416.876857981229,417.2315417314564,416.8239067013983,417.2315417314564,3218
2024-09-16 16:36:00.076000,417.3873926192503,417.73122940640405,417.3873926192503,417.73122940640405,108
2024-09-16 16:37:00.076000,418.101064865744,418.3860216300291,417.8002584300245,417.8366189420765,7450
2024-09-16 16:38:00.076000,417.6591029737939,417.78681660373934,417.11015515014174,417.11015515014174,6489
2024-09-16 16:39:00.076000,417.0690997802116,417.3654688196158,417.02603501858965,417.3025684204342,2444
2024-09-16 16:40:00.076000,417.63544266772016,417.8422740509821,417.63544266772016,417.8422740509821,116
2024-09-16 16:41:00.076000,417.657454471561,417.7438983200916,417.521308089798,417.6909024409863,3296
2024-09-16 16:42:00.076000,417.7678411503191,418.25032904569946,417.7123397697762,418.25032904569946,4411
2024-09-16 16:43:00.076000,418.2391103547692,418.3529542267142,418.2059478050946,418.2791183967935,4202
2024-09-16 16:44:00.076000,418.0774530465539,418.55119800854686,418.0774530465539,418.158205751959,3616
2024-09-16 16:45:00.076000,418.31798789987937,418.67272037277377,418.30897190758185,418.67272037277377,2614
2024-09-16 16:46:00.076000,418.7474509649397,418.8503690131187,418.4055167645528,418.4793481712935,4347
2024-09-16 16:47:00.076000,418.21479609176185,418.21479609176185,417.7763718912156,418.0075321768467,4403
2024-09-16 16:48:00.076000,418.0904499824719,418.2704198833311,417.80961649587096,417.80961649587096,306
2024-09-16 16:49:00.076000,417.7075291926408,418.0004805846693,417.5764527656489,417.5996164644524,2252
2024-09-16 16:50:00.076000,417.6056000420757,417.9615375731036,417.47844016106734,417.9615375731036,1247
2024-09-16 16:51:00.076000,418.0625583136814,418.0887992904926,417.6736896065335,417.6736896065335,610
2024-09-16 16:52:00.076000,417.522046369477,417.8063160075004,417.3979483078504,417.74122509252857,2428
2024-09-16 16:53:00.076000,417.6405702123032,417.91499802097474,417.5404974848532,417.81271961228094,3259
2024-09-16 16:54:00.076000,418.1062694239119,418.174587703933,417.5254404313285,417.5254404313285,2421
2024-09-16 16:55:00.076000,417.6400527977592,418.2380638526091,417.4900046164884,418.2380638526091,2244
2024-09-16 16:56:00.076000,418.399004302016,418.63279515910233,418.29824850630695,418.29824850630695,1221
2024-09-16 16:57:00.076000,418.1506909337523,418.1506909337523,417.4119999637127,417.4119999637127,340
2024-09-16 16:58:00.076000,417.4663671928146,417.7399617881863,417.3537737672767,417.7399617881863,5727
2024-09-16 16:59:00.076000,417.6276627457844,417.7175143967126,417.4099093830853,417.7175143967126,3266
2024-09-16 17:00:00.076000,417.7860322000021,417.801250389594,417.56095917246193,417.7848675071327,4507
2024-09-16 17:01:00.076000,417.83740000578206,418.5454724871357,417.63709017008216,418.5454724871357,2235
2024-09-16 17:02:00.076000,418.2321481642412,418.2321481642412,417.90800299119553,418.0360627678531,2206
2024-09-16 17:03:00.076000,418.1400686677836,418.2434407933088,417.7669916909678,417.7669916909678,3325
2024-09-16 17:04:00.076000,417.44751241427184,418.01301206237474,417.44751241427184,418.01301206237474,1305
2024-09-16 17:05:00.076000,418.2302700045119,418.26016094900046,417.9884350410479,418.1962326993772,3315
2024-09-16 17:06:00.076000,418.1672024853359,418.1672024853359,417.9751963660463,418.1022045879919,2322
2024-09-16 17:07:00.076000,417.7587917182093,417.7587917182093,417.13438830050217,417.1502848230492,5225
2024-09-16 17:08:00.076000,417.01227106546366,417.1584031589852,416.8902008108148,416.9722071390582,1464
2024-09-16 17:09:00.076000,416.85775870123166,416.85775870123166,416.38403531441503,416.38403531441503,5491
2024-09-16 17:10:00.076000,416.40191714306974,416.7701679464784,416.3253896851736,416.6153968889908,5335
2024-09-16 17:11:00.076000,416.6153968889908,416.9757728846871,416.5667251542199,416.9757728846871,2822
2024-09-16 17:12:00.076000,417.21980798291975,417.25604376614586,417.0906414295743,417.15106787655367,2425
2024-09-16 17:13:00.076000,417.4902837348123,417.7525428685782,417.0782574962095,417.22312920661017,4645
2024-09-16 17:14:00.076000,417.4344529812729,418.1115250582864,417.4299601576631,418.1115250582864,5130
2024-09-16 17:15:00.076000,417.9078281009684,417.9865274546682,417.77204413386335,417.9299910836335,8241
2024-09-16 17:16:00.076000,417.7486049397368,418.4067395588458,417.7486049397368,418.3522437912362,537
2024-09-16 17:17:00.076000,418.12694678649297,418.2055323795328,417.7156094990153,417.7156094990153,7448
2024-09-16 17:18:00.076000,417.5398758370351,417.5398758370351,416.75220451746674,416.75220451746674,4346
2024-09-16 17:19:00.076000,416.67437978456087,416.7484019243019,416.4330067946531,416.4330067946531,4425
2024-09-16 17:20:00.076000,416.5163400624896,416.5163400624896,416.0497395731788,416.0995384405181,5136
2024-09-16 17:21:00.076000,416.3193190687567,416.6968749077516,416.2121584777615,416.5877007451618,1461
2024-09-16 17:22:00.076000,416.656988941768,416.73068622830607,416.2279990508893,416.73068622830607,5129
2024-09-16 17:23:00.076000,416.73068622830607,416.73068622830607,416.5504547646202,416.5504547646202,1311
2024-09-16 17:24:00.076000,416.7750292168714,416.9361518915375,416.7750292168714,416.869049053139,2053
2024-09-16 17:25:00.076000,416.6424221230951,416.6680183639379,416.3616116832159,416.362767970594,4324
2024-09-16 17:26:00.076000,416.2871283244276,416.4316135968185,415.8856577738776,415.8856577738776,2752
2024-09-16 17:27:00.076000,415.822103984564,415.9592996757888,415.5162994741327,415.6739567539365,4233
2024-09-16 17:28:00.076000,415.9584400622272,415.9651668088796,415.590355193854,415.9651668088796,2623
2024-09-16 17:29:00.076000,415.4212794490096,415.4661881593455,415.2792543946287,415.4661881593455,1330
2024-09-16 17:30:00.076000,415.6030588711284,415.6030588711284,415.1588286949875,415.2801825181405,2350
2024-09-16 17:31:00.076000,415.2333530296018,415.8647162921467,415.2333530296018,415.6395015199464,2152
2024-09-16 17:32:00.076000,415.6400929520448,415.9841788135972,415.6400929520448,415.66534757369885,5453
2024-09-16 17:33:00.076000,415.6607996308477,415.6607996308477,415.6192813758482,415.6473872738572,1109
2024-09-16 17:34:00.076000,416.29311114020607,416.5229025930426,416.1482477572612,416.1808011996964,2542
2024-09-16 17:35:00.076000,416.5051194631095,416.6440394825728,416.37495963907867,416.6247502994489,1444
2024-09-16 17:36:00.076000,416.6998355967727,416.6998355967727,416.5317355337155,416.5317355337155,2114
2024-09-16 17:37:00.076000,416.45807087663104,416.6284986741466,416.398358150024,416.6284986741466,3328
2024-09-16 17:38:00.076000,416.5980585908383,416.61229176204944,416.3242139721711,416.3242139721711,1258
2024-09-16 17:39:00.076000,416.2969232201911,416.5314766047776,416.2170208024773,416.5314766047776,5194
2024-09-16 17:40:00.076000,416.67661400402494,417.24144169611134,416.67661400402494,417.2252195597128,3119
2024-09-16 17:41:00.076000,417.1850693563645,417.1850693563645,416.81889095121375,417.1004657560147,4214
2024-09-16 17:42:00.076000,417.2754216407853,417.86516332939567,417.1955396001857,417.86516332939567,3247
2024-09-16 17:43:00.076000,417.80931695689566,418.2996404156886,417.7187885172851,418.2996404156886,2052
2024-09-16 17:44:00.076000,418.2952774854302,418.3170395622432,417.8136283861543,417.8136283861543,1318
2024-09-16 17:45:00.076000,418.0357203796835,418.1243423973672,417.4963691300719,417.5176293776354,2255
2024-09-16 17:46:00.076000,417.81523595253833,418.1867776232705,417.81523595253833,418.1692342337229,5346
2024-09-16 17:47:00.076000,418.0617280543435,418.062406593742,417.7743984379769,417.7743984379769,4539
2024-09-16 17:48:00.076000,417.4554119665586,417.57942308976624,417.3933050221865,417.3933050221865,1557
2024-09-16 17:49:00.076000,417.30934599495225,417.5172735423619,417.22562655120174,417.5172735423619,2147
2024-09-16 17:50:00.076000,417.7391372160242,417.7391372160242,417.3556068261333,417.3556068261333,2019
2024-09-16 17:51:00.076000,417.3482058277482,417.38536683874105,416.6174042626255,416.6174042626255,3485
2024-09-16 17:52:00.076000,416.5961572644742,416.76709840557055,416.4197934689032,416.6180839615932,4429
2024-09-16 17:53:00.076000,416.432201037937,416.47559628135593,416.3337314482123,416.4477821472652,6322
2024-09-16 17:54:00.076000,416.4836897390769,416.4836897390769,416.1896268837472,416.2252264703498,2311
2024-09-16 17:55:00.076000,416.4134378339705,416.8672832141864,416.4134378339705,416.7153237553421,3300
2024-09-16 17:56:00.076000,416.6344743437408,416.77280314514,416.503766332336,416.6639372596428,3420
2024-09-16 17:57:00.076000,416.9507513130063,416.9507513130063,415.9813444603657,415.9813444603657,5453
2024-09-16 17:58:00.076000,416.0946932699694,416.17990568288855,416.0731461358472,416.0731461358472,1454
2024-09-16 17:59:00.076000,415.9928862653724,416.5238366123757,415.9928862653724,416.44947715943664,2419
2024-09-16 18:00:00.076000,416.41837266291134,416.5555643487068,416.0881917289882,416.0881917289882,1335
2024-09-16 18:01:00.076000,416.3624798240402,416.4618163967031,416.3624798240402,416.4618163967031,1302
2024-09-16 18:02:00.076000,416.5423638146051,416.78895134766697,416.19566444032216,416.2301110263293,2571
2024-09-16 18:03:00.076000,416.3989278386908,416.74204608497314,416.06378413883846,416.06378413883846,4434
2024-09-16 18:04:00.076000,415.9658782696208,416.005021931881,415.38974655005535,415.38974655005535,3552
2024-09-16 18:05:00.076000,415.9009514367424,415.9611448484952,415.9009514367424,415.9611448484952,2001
2024-09-16 18:06:00.076000,415.7029403610524,416.008614653015,415.7029403610524,415.827277186164,8226
2024-09-16 18:07:00.076000,416.0126198526072,416.06052305424623,415.8481582796511,415.8859016609511,1418
2024-09-16 18:08:00.076000,415.7893800655953,416.06708414776233,415.6216199289895,416.0648710430002,5375
2024-09-16 18:09:00.076000,416.08344146494215,416.2180295494147,415.9729346661894,416.07950611416805,5216
2024-09-16 18:10:00.076000,415.9367032889821,416.2022368386503,415.89543644894576,416.2022368386503,1231
2024-09-16 18:11:00.076000,416.3285446746888,416.3285446746888,415.57821650585646,415.57821650585646,4218
2024-09-16 18:12:00.076000,415.6039230089568,416.0352075703116,415.4664599094541,416.0352075703116,3306
2024-09-16 18:13:00.076000,415.691546224839,415.72137413368495,415.4157412577175,415.4259380751939,1345
2024-09-16 18:14:00.076000,415.43006902069664,415.43006902069664,414.7786506475878,414.7786506475878,4426
2024-09-16 18:15:00.076000,414.72609574883967,414.9334561470616,414.6270619780392,414.818249950924,5150
2024-09-16 18:16:00.076000,414.9612805987656,415.1681137124729,414.8687460610749,414.9596641406244,3551
2024-09-16 18:17:00.076000,414.8671289487398,415.0725516650591,414.7736357740339,414.9133987698593,3332
2024-09-16 18:18:00.076000,415.3222421586733,415.3222421586733,414.9414658968012,414.9414658968012,1124
2024-09-16 18:19:00.076000,414.87011812726234,415.0907116716351,414.8390295102357,415.0907116716351,6203
2024-09-16 18:20:00.076000,415.0547764836759,415.42031675750553,415.0547764836759,415.1262365684286,3161
2024-09-16 18:21:00.076000,415.11991901144654,415.3875652292888,414.9562270851311,415.2343095611275,5513
2024-09-16 18:22:00.076000,415.08275265589634,415.1761817726573,414.948513922861,415.0262472668188,438
2024-09-16 18:23:00.076000,414.7168950463723,415.6315290527911,414.7168950463723,415.4182640069022,3413
2024-09-16 18:24:00.076000,415.499861075707,415.499861075707,415.27062762533126,415.4874983804125,1025
2024-09-16 18:25:00.076000,415.3030956551492,415.3813087211512,415.0599362576344,415.17079024800745,6213
2024-09-16 18:26:00.076000,415.42343505364846,415.45988001855073,415.1459790751378,415.1459790751378,4645
2024-09-16 18:27:00.076000,414.6325532043034,414.7901270914074,414.6325532043034,414.7901270914074,3008
2024-09-16 18:28:00.076000,414.8579558895702,415.32105418111325,414.8407048586397,415.3186232143036,4513
2024-09-16 18:29:00.076000,415.176797016316,415.2019039406099,415.1634572532149,415.18518014565575,1399
2024-09-16 18:30:00.076000,415.1542285608135,415.3668943777967,414.8845443372489,415.0048397582361,3492
2024-09-16 18:31:00.076000,414.9771853883631,415.3020053570694,414.86746536685104,415.20653980684375,4315
2024-09-16 18:32:00.076000,415.242721291664,415.242721291664,414.4051525481549,414.5348498029382,1345
2024-09-16 18:33:00.076000,414.3949034972272,414.41063563697486,414.24653854139285,414.26898799916506,3240
2024-09-16 18:34:00.076000,414.1556431185083,415.1040858859763,414.1556431185083,415.03261480616936,4667
2024-09-16 18:35:00.076000,415.0856985984421,415.4548572566178,414.8436841483544,414.8610113143151,4618
2024-09-16 18:36:00.076000,414.9935079937486,415.1524053558055,414.9201409551037,415.1524053558055,4733
2024-09-16 18:37:00.076000,415.0998430269706,416.0408813978836,415.0622583928505,416.0300071092892,3537
2024-09-16 18:38:00.076000,415.7189347147144,415.94309327246646,415.6088256746872,415.6088256746872,1130
2024-09-16 18:39:00.076000,415.5032025277271,415.56111022512215,415.3018789976008,415.3018789976008,1237
2024-09-16 18:40:00.076000,415.29249349712416,415.75960139477536,415.29249349712416,415.5835296632612,3236
2024-09-16 18:41:00.076000,415.5655924802329,415.5655924802329,415.2199641094245,415.2617905809087,5218
2024-09-16 18:42:00.076000,415.0499313781753,415.0499313781753,414.8646958377848,414.9093554750176,2410
2024-09-16 18:43:00.076000,414.8929608330814,414.8929608330814,414.5288353875604,414.7125215701084,2535
2024-09-16 18:44:00.076000,414.73804662866047,415.0228603260037,414.69367497604617,415.0228603260037,3232
2024-09-16 18:45:00.076000,415.07354119040326,415.2491756528984,414.7846453027026,414.7846453027026,2121
2024-09-16 18:46:00.076000,414.760104429455,414.760104429455,414.5022533810589,414.6094532454781,2617
2024-09-16 18:47:00.076000,414.6541992674893,414.7622416124738,414.0737773596464,414.12733766149614,4301
2024-09-16 18:48:00.076000,414.4380765440295,414.4710016829595,414.2874901191768,414.4628870534061,5239
2024-09-16 18:49:00.076000,414.4352172823821,414.4352172823821,413.9211888709888,413.9211888709888,2134
2024-09-16 18:50:00.076000,413.8792152571929,414.35659984517054,413.8792152571929,414.35659984517054,5114
2024-09-16 18:51:00.076000,414.1913170724522,414.4323491023989,414.0921135598694,414.282564316484,4226
2024-09-16 18:52:00.076000,414.3536805151785,414.3536805151785,413.96707683394186,413.9861068091311,4366
2024-09-16 18:53:00.076000,413.8397754495944,414.2293847591782,413.673932972301,414.2293847591782,2330
2024-09-16 18:54:00.076000,414.0696999382663,414.0696999382663,413.8508397557047,413.8508397557047,2223
2024-09-16 18:55:00.076000,413.5223097838913,413.9241964519087,413.3528449804431,413.3764288976998,5158
2024-09-16 18:56:00.076000,413.59059733319066,414.1633785583648,413.55658324157184,414.1633785583648,2390
2024-09-16 18:57:00.076000,414.21064728354656,414.559815535609,414.08246038446055,414.1733820438154,4337
2024-09-16 18:58:00.076000,414.1298888446751,414.3180479386642,413.9914450041458,414.3180479386642,7254
2024-09-16 18:59:00.076000,414.38249628235087,414.4791522942222,414.15431045564105,414.2508787607726,4159
2024-09-16 19:00:00.076000,414.4522871396862,415.0984278824451,414.4522871396862,414.83474009631874,1420
2024-09-16 19:01:00.076000,415.0059940002534,415.3051627626168,415.0059940002534,415.2319964388227,3214
2024-09-16 19:02:00.076000,415.5695955042189,415.5695955042189,415.33881563800406,415.420497354787,6357
2024-09-16 19:03:00.076000,415.6592608075171,415.80450060329537,415.6370570189313,415.763694084779,3229
2024-09-16 19:04:00.076000,415.88716646507567,415.88716646507567,415.5013558851135,415.57978745017374,1417
2024-09-16 19:05:00.076000,415.6105020868415,415.660813117433,415.48270262127255,415.48270262127255,5705
2024-09-16 19:06:00.076000,415.27492380632975,415.7321498190957,415.27492380632975,415.6378254174177,2336
2024-09-16 19:07:00.076000,415.5227892087372,415.599774235657,415.3351658334678,415.4986552515936,5346
2024-09-16 19:08:00.076000,415.3963093875732,415.745274825547,415.3963093875732,415.6687735909999,6240
2024-09-16 19:09:00.076000,415.4525882797979,415.6845201594322,415.40631738025286,415.62747790367376,3331
2024-09-16 19:10:00.076000,415.5621875290671,415.5621875290671,415.3113360307168,415.3309045784619,2159
2024-09-16 19:11:00.076000,415.4822841750025,415.4867849756559,415.1494422433833,415.4867849756559,4330
2024-09-16 19:12:00.076000,415.6324822885866,415.8463224541359,415.51123086723504,415.8463224541359,4122
2024-09-16 19:13:00.076000,415.5126445258432,415.8876043074189,415.5126445258432,415.7171504959573,5221
2024-09-16 19:14:00.076000,415.73307465701566,415.84866357045,415.5805023680279,415.84866357045,3162
2024-09-16 19:15:00.076000,415.8402799766998,415.8402799766998,415.3244489258111,415.3244489258111,2115
2024-09-16 19:16:00.076000,415.08320567567074,415.1894790766616,414.87890059563097,414.9100397993271,8442
2024-09-16 19:17:00.076000,415.01763953798434,415.01763953798434,414.6639973468039,414.704720418,3334
2024-09-16 19:18:00.076000,415.10579408040667,415.1689558945122,414.8706042335757,414.8706042335757,4338
2024-09-16 19:19:00.076000,414.6057182057727,414.6057182057727,414.1074058577463,414.1074058577463,9110
2024-09-16 19:20:00.076000,414.3450638301407,414.6895510950061,414.3141749943817,414.6895510950061,2108
2024-09-16 19:21:00.076000,414.5313558101825,414.5313558101825,414.2293810145927,414.2884493827266,4526
2024-09-16 19:22:00.076000,414.646629723265,414.7769380477251,414.5994899543263,414.6277446288415,2140
2024-09-16 19:23:00.076000,414.63061065804266,414.6777826126778,414.4636308992157,414.4636308992157,4237
2024-09-16 19:24:00.076000,414.5373652009051,415.156850471728,414.5373652009051,414.8843163536417,7204
2024-09-16 19:25:00.076000,415.0182525099178,415.13029928739456,414.8112177659879,414.8112177659879,255
2024-09-16 19:26:00.076000,414.9505361860746,415.4714124273124,414.9505361860746,415.3665341070904,2230
2024-09-16 19:27:00.076000,415.42163167371626,415.8298818759677,415.4168136722386,415.4168136722386,5233
2024-09-16 19:28:00.076000,415.340918814343,415.4062227501301,415.1870733989996,415.2142819561362,1270
2024-09-16 19:29:00.076000,415.172363411938,415.172363411938,414.84821908737786,414.84821908737786,1210
2024-09-16 19:30:00.076000,414.7610961904194,415.34633328048847,414.7308927689128,415.34633328048847,1259
2024-09-16 19:31:00.076000,415.10187155292,415.500512195813,415.089536286921,415.4730129006613,1165
2024-09-16 19:32:00.076000,415.520860556165,416.2142867257355,415.4939112444075,416.1672970485111,3343
2024-09-16 19:33:00.076000,416.1820665916967,416.2427145887245,415.9163501732836,416.0694685359916,2166
2024-09-16 19:34:00.076000,416.0717239877756,416.08559016520906,415.5656995187672,415.5656995187672,2332
2024-09-16 19:35:00.076000,415.6438761692126,415.829242529419,415.4233466003524,415.5498884563879,5441
2024-09-16 19:36:00.076000,415.5969023195124,415.5969023195124,415.1802902385589,415.1802902385589,4318
2024-09-16 19:37:00.076000,415.4175075753084,415.4175075753084,415.1228861414247,415.3385366876788,5524
2024-09-16 19:38:00.076000,415.1465450936834,415.2070947839926,414.998541732444,415.2070947839926,444
2024-09-16 19:39:00.076000,415.08250354428026,415.5139723316401,415.08250354428026,415.5139723316401,1214
2024-09-16 19:40:00.076000,415.8534209890348,416.2491393901698,415.6160430063514,416.15448667588674,1517
2024-09-16 19:41:00.076000,416.023615811444,416.023615811444,415.45274260939584,415.45274260939584,3435
2024-09-16 19:42:00.076000,415.16021284303,415.16021284303,414.8109099696647,415.1383009515431,4245
2024-09-16 19:43:00.076000,415.0910591326784,415.9060477097374,415.0910591326784,415.6050999086779,1242
2024-09-16 19:44:00.076000,415.689254342693,415.97197246885867,415.689254342693,415.8899316492608,346
2024-09-16 19:45:00.076000,415.95863214320985,416.01808471233073,415.876951413588,415.9920621372663,3285
2024-09-16 19:46:00.076000,416.0789993089204,416.3290987631533,416.0596514641937,416.25562015402886,2220
2024-09-16 19:47:00.076000,416.25562015402886,416.25562015402886,415.0346390928095,415.2218465673285,1319
2024-09-16 19:48:00.076000,415.4178621633041,415.4238498827124,415.28220524982345,415.4238498827124,3159
2024-09-16 19:49:00.076000,415.8874863795493,416.1125386476628,415.8874863795493,415.9204954402133,527
2024-09-16 19:50:00.076000,415.9726758437677,416.32412870084767,415.9726758437677,416.0378100952238,1326
2024-09-16 19:51:00.076000,416.295937283471,416.86787658104606,416.1620777058154,416.82406307009467,7307
2024-09-16 19:52:00.076000,416.8537899076061,417.2586203544907,416.8076910747857,416.8076910747857,4236
2024-09-16 19:53:00.076000,416.8812160879071,416.88383037118746,416.4717103559272,416.4717103559272,4330
2024-09-16 19:54:00.076000,416.62248483768894,416.85176083761706,416.6189010894258,416.7718978792937,3544
2024-09-16 19:55:00.076000,416.7651930348938,417.0844229353189,416.7651930348938,416.8390198266568,3635
2024-09-16 19:56:00.076000,416.8410127127132,417.12297254526464,416.8410127127132,416.9978849497434,439
2024-09-16 19:57:00.076000,416.9678434024957,417.35942511966215,416.9242245906245,417.0779292296784,3137
2024-09-16 19:58:00.076000,417.1660791952791,417.1660791952791,416.50799260107743,416.50799260107743,3233
2024-09-16 19:59:00.076000,416.39805592983225,416.7450482950139,416.3433051842884,416.7363886713254,1345
2024-09-16 20:00:00.076000,416.3561857137546,416.36574562809136,415.836697103732,416.02211340515305,2643
2024-09-16 20:01:00.076000,416.32224304951177,416.5390831039984,416.32224304951177,416.5339148164541,2233
2024-09-16 20:02:00.076000,416.38554120495,416.38554120495,415.82011615206005,416.0474530169559,3284
2024-09-16 20:03:00.076000,416.1113706016721,416.6212732075701,416.1113706016721,416.4854262835432,4661
2024-09-16 20:04:00.076000,416.3281859805331,416.3281859805331,415.9302855894768,415.9302855894768,3128
2024-09-16 20:05:00.076000,415.9236791174377,415.9236791174377,415.4064318175364,415.5168589680851,3404
2024-09-16 20:06:00.076000,415.471378015549,415.681626662981,415.3372213083244,415.681626662981,6832
2024-09-16 20:07:00.076000,415.7310803375724,415.7310803375724,415.2778422536833,415.5791485453024,4332
2024-09-16 20:08:00.076000,415.57555263993777,415.57555263993777,415.3456640456414,415.4234323698296,4520
2024-09-16 20:09:00.076000,415.5898539205207,416.2300319610292,415.5898539205207,416.2300319610292,2351
2024-09-16 20:10:00.076000,416.0756056785477,416.15651418420606,415.95942343360986,416.1058879237818,3513
2024-09-16 20:11:00.076000,416.26475841972274,416.3039845814853,415.9161781078006,415.94849170111416,4358
2024-09-16 20:12:00.076000,415.912911330697,415.912911330697,415.7254674305125,415.7254674305125,5244
2024-09-16 20:13:00.076000,415.7898988176069,416.4268075667442,415.7049230287501,416.40232589708415,1533
2024-09-16 20:14:00.076000,416.2426968526449,416.2825588600394,416.1180037420482,416.1180037420482,3206
2024-09-16 20:15:00.076000,416.0094079498321,416.3704311379899,416.0094079498321,416.3704311379899,4407
2024-09-16 20:16:00.076000,416.1989312355142,416.4171411202648,415.94926664013286,416.4171411202648,3210
2024-09-16 20:17:00.076000,416.2338825875546,416.2338825875546,416.0649008509959,416.0917457541267,2296
2024-09-16 20:18:00.076000,415.9483244137946,416.2692261716273,415.6992573142221,416.2692261716273,3437
2024-09-16 20:19:00.076000,416.22435019351474,416.2809417556391,416.00795373690136,416.18088809891645,5132
2024-09-16 20:20:00.076000,415.8525498968725,415.9000932433531,415.8525498968725,415.9000932433531,2004
2024-09-16 20:21:00.076000,416.04195536428495,416.1909774620569,415.9440740380251,416.1909774620569,3413
2024-09-16 20:22:00.076000,416.1847428099465,416.22340320760617,415.9081620067729,416.07809673441074,3215
2024-09-16 20:23:00.076000,416.3070110003548,416.4371197446055,416.1072660435583,416.1072660435583,3403
2024-09-16 20:24:00.076000,416.20959410145065,416.2555528052121,415.80398209188576,415.8068663904794,6317
2024-09-16 20:25:00.076000,415.7701004033764,415.7701004033764,415.5361400111466,415.6620962399055,1415
2024-09-16 20:26:00.076000,415.81761035223695,415.8354638717329,415.7271072452712,415.8354638717329,2165
2024-09-16 20:27:00.076000,415.8680956026198,416.4075878308316,415.8680956026198,416.4075878308316,257
2024-09-16 20:28:00.076000,416.1977662137814,416.2349245863323,416.1694591977504,416.2349245863323,1207
2024-09-16 20:29:00.076000,415.86073519017066,415.86073519017066,415.3082133749776,415.3082133749776,3432
2024-09-16 20:30:00.076000,415.55658456392734,415.55658456392734,415.17204740601954,415.5535615984018,1249
2024-09-16 20:31:00.076000,416.098047053824,416.098047053824,415.7170738407964,415.7324171926946,2042
2024-09-16 20:32:00.076000,415.8373429117614,416.0726095433369,415.3653936348459,416.0726095433369,6416
2024-09-16 20:33:00.076000,416.3204086852292,416.845593413601,416.3073307620039,416.8388807854639,2341
2024-09-16 20:34:00.076000,416.8953721774716,417.0487381459459,416.8953721774716,417.0487381459459,1311
2024-09-16 20:35:00.076000,417.1420028946519,417.290782717746,416.8210712458601,416.8210712458601,1322
2024-09-16 20:36:00.076000,416.64508659266784,416.8459683616532,416.4400416391944,416.4400416391944,2133
2024-09-16 20:37:00.076000,416.4619142723867,416.6518240455555,416.4255749192369,416.62229837405687,3039
2024-09-16 20:38:00.076000,416.8732149847244,416.9139530914674,416.7213950919942,416.7213950919942,2100
2024-09-16 20:39:00.076000,416.6829683214262,417.2728869894871,416.5457123172808,417.2728869894871,4343
2024-09-16 20:40:00.076000,417.13691207653153,417.13691207653153,416.6191881182249,416.804371358384,3354
2024-09-16 20:41:00.076000,416.67164192059,416.9655563436645,416.67164192059,416.9091584572364,5403
2024-09-16 20:42:00.076000,416.77068159037776,416.834832470312,416.5308498235771,416.5308498235771,1524
2024-09-16 20:43:00.076000,416.280424119484,416.280424119484,415.8071129340741,415.8071129340741,5499
2024-09-16 20:44:00.076000,415.8615002918254,415.8615002918254,415.273202923613,415.273202923613,23
2024-09-16 20:45:00.076000,415.3308308399417,415.3308308399417,414.99117646370667,415.18833201722015,10368
2024-09-16 20:46:00.076000,415.35458705999486,415.35458705999486,415.1689964148024,415.3350379586604,3003
2024-09-16 20:47:00.076000,415.12988720832703,415.12988720832703,414.7670565468816,415.00117397734095,2354
2024-09-16 20:48:00.076000,414.89376920037216,414.89376920037216,414.2312463649856,414.7360950321511,2239
2024-09-16 20:49:00.076000,414.5959214925437,414.7451695896932,414.5286939934983,414.6030276703352,2358
2024-09-16 20:50:00.076000,414.8243274943593,415.1127962059294,414.2923422994769,414.3346698919082,5139
2024-09-16 20:51:00.076000,414.3631939888471,414.59875562953374,414.0117790118998,414.0117790118998,6509
2024-09-16 20:52:00.076000,414.149502396078,414.4420444362672,413.8801534897036,414.43849944127805,1347
2024-09-16 20:53:00.076000,414.49158497681503,414.9589725163595,414.4277589237223,414.8968002589376,2370
2024-09-16 20:54:00.076000,415.1279095636586,415.3453086545512,415.0853187240689,415.3453086545512,1210
2024-09-16 20:55:00.076000,415.65505484434505,415.65505484434505,415.2372748414013,415.2372748414013,2091
2024-09-16 20:56:00.076000,415.4335350610594,415.442479110179,415.1908392459304,415.4049648336033,3444
2024-09-16 20:57:00.076000,416.090938862545,416.2393540352698,415.9085181346263,416.2393540352698,3365
2024-09-16 20:58:00.076000,416.29736098010113,416.7540194590627,416.273442325609,416.7318255862301,2244
2024-09-16 20:59:00.076000,416.8195978418447,417.0885054227269,416.7926837188416,416.8739831924321,4428
